feature,importance
team_availability_pct,0.1857633090748408
sprint_velocity,0.18529294926539253
bugs_open,0.1450257735847575
scope_risk,0.1381828774436236
scope_changes,0.13681226555923928
bug_density,0.05048617462532642
velocity_trend,0.04378358604511795
tasks_completed_pct,0.041537093314363636
team_size,0.03806887855020491
completion_gap,0.03504709253713328
